wallclock_utc,minutes,age_seconds
08:38:02,0.0,0.0
08:38:13,0.18,0.0
08:38:24,0.37,0.0
08:38:35,0.55,0.0
08:38:45,0.72,0.0
08:38:56,0.9,0.0
08:39:07,1.08,49.0
08:39:18,1.27,49.0
08:39:29,1.45,49.0
08:39:40,1.63,49.0
08:39:50,1.8,49.0
08:40:01,1.98,78.0
08:40:12,2.17,78.0
08:40:23,2.35,78.0
08:40:34,2.53,78.0
08:40:45,2.72,78.0
08:40:55,2.88,78.0
08:41:06,3.07,134.0
08:41:17,3.25,134.0
08:41:28,3.43,134.0
08:41:39,3.62,134.0
08:41:50,3.8,134.0
08:42:01,3.98,192.0
08:42:11,4.15,192.0
08:42:22,4.33,192.0
08:42:33,4.52,192.0
08:42:44,4.7,192.0
08:42:55,4.88,192.0
08:43:06,5.07,250.0
08:43:16,5.23,250.0
08:43:27,5.42,250.0
08:43:38,5.6,250.0
08:43:49,5.78,250.0
08:44:00,5.97,250.0
08:44:11,6.15,307.0
08:44:22,6.33,307.0
08:44:32,6.5,307.0
08:44:43,6.68,307.0
08:44:54,6.87,307.0
08:45:05,7.05,366.0
08:45:16,7.23,366.0
08:45:27,7.42,366.0
08:45:37,7.58,366.0
08:45:48,7.77,366.0
08:45:59,7.95,366.0
08:46:10,8.13,423.0
08:46:21,8.32,423.0
08:46:32,8.5,423.0
08:46:42,8.67,423.0
08:46:53,8.85,423.0
08:47:04,9.03,481.0
08:47:15,9.22,481.0
08:47:26,9.4,481.0
08:47:37,9.58,481.0
08:47:47,9.75,481.0
08:47:58,9.93,481.0
08:48:09,10.12,539.0
08:48:20,10.3,539.0
08:48:31,10.48,539.0
08:48:42,10.67,539.0
08:48:53,10.85,539.0
08:49:03,11.02,597.0
08:49:14,11.2,597.0
08:49:25,11.38,597.0
08:49:36,11.57,597.0
08:49:47,11.75,597.0
08:49:58,11.93,597.0
08:50:08,12.1,655.0
08:50:19,12.28,655.0
08:50:30,12.47,655.0
08:50:41,12.65,655.0
08:50:52,12.83,655.0
08:51:03,13.02,713.0
08:51:13,13.18,713.0
08:51:24,13.37,713.0
08:51:35,13.55,713.0
08:51:46,13.73,713.0
08:51:57,13.92,713.0
08:52:08,14.1,771.0
08:52:19,14.28,771.0
08:52:29,14.45,771.0
08:52:40,14.63,771.0
08:52:51,14.82,771.0
08:53:02,15.0,828.0
08:53:13,15.18,828.0
08:53:24,15.37,828.0
08:53:34,15.53,828.0
08:53:45,15.72,828.0
08:53:56,15.9,828.0
08:54:07,16.08,886.0
08:54:18,16.27,886.0
08:54:29,16.45,886.0
08:54:39,16.62,886.0
08:54:50,16.8,886.0
08:55:01,16.98,944.0
08:55:12,17.17,944.0
08:55:23,17.35,944.0
08:55:34,17.53,944.0
08:55:45,17.72,944.0
08:55:55,17.88,944.0
08:56:06,18.07,1002.0
08:56:17,18.25,1002.0
08:56:28,18.43,1002.0
08:56:39,18.62,1002.0
08:56:50,18.8,1002.0
08:57:00,18.97,1060.0
08:57:11,19.15,1060.0
08:57:22,19.33,1060.0
08:57:33,19.52,1060.0
08:57:44,19.7,1060.0
08:57:55,19.88,1060.0
08:58:05,20.05,1118.0
08:58:16,20.23,1118.0
08:58:27,20.42,1118.0
08:58:38,20.6,1118.0
08:58:49,20.78,1118.0
08:59:00,20.97,1118.0
08:59:11,21.15,1175.0
08:59:21,21.32,1175.0
08:59:32,21.5,1175.0
08:59:43,21.68,1175.0
08:59:54,21.87,1175.0
09:00:05,22.05,1233.0
09:00:16,22.23,1233.0
09:00:26,22.4,1233.0
09:00:37,22.58,1233.0
09:00:48,22.77,1233.0
09:00:59,22.95,1233.0
09:01:10,23.13,1291.0
09:01:21,23.32,1291.0
09:01:31,23.48,1291.0
09:01:42,23.67,1291.0
09:01:53,23.85,1291.0
09:02:04,24.03,1348.0
09:02:15,24.22,1348.0
09:02:26,24.4,1348.0
09:02:37,24.58,1348.0
09:02:47,24.75,1348.0
09:02:58,24.93,1348.0
09:03:09,25.12,1405.0
09:03:20,25.3,1405.0
09:03:31,25.48,1405.0
09:03:42,25.67,1405.0
09:03:52,25.83,1405.0
09:04:03,26.02,1463.0
09:04:14,26.2,1463.0
09:04:25,26.38,1463.0
09:04:36,26.57,1463.0
09:04:47,26.75,1463.0
09:04:57,26.92,1463.0
09:05:08,27.1,1521.0
09:05:19,27.28,1521.0
09:05:30,27.47,1521.0
09:05:41,27.65,1521.0
09:05:52,27.83,1521.0
09:06:03,28.02,1579.0
09:06:13,28.18,1579.0
09:06:24,28.37,1579.0
09:06:35,28.55,1579.0
09:06:46,28.73,1579.0
09:06:57,28.92,1579.0
09:07:08,29.1,1637.0
09:07:18,29.27,1637.0
09:07:29,29.45,1637.0
09:07:40,29.63,1637.0
09:07:51,29.82,1637.0
09:08:02,30.0,1695.0
09:08:13,30.18,1695.0
09:08:24,30.37,1695.0
09:08:34,30.53,1695.0
09:08:45,30.72,1695.0
09:08:56,30.9,1695.0
09:09:07,31.08,1753.0
09:09:18,31.27,1753.0
09:09:29,31.45,1753.0
09:09:39,31.62,1753.0
09:09:50,31.8,1753.0
09:10:01,31.98,1811.0
09:10:12,32.17,1811.0
09:10:23,32.35,1811.0
09:10:34,32.53,1811.0
09:10:44,32.7,1811.0
09:10:55,32.88,1811.0
09:11:06,33.07,1868.0
09:11:17,33.25,1868.0
09:11:28,33.43,1868.0
09:11:39,33.62,1868.0
09:11:50,33.8,1868.0
09:12:00,33.97,1926.0
09:12:11,34.15,1926.0
09:12:22,34.33,1926.0
09:12:33,34.52,1926.0
09:12:44,34.7,1926.0
09:12:55,34.88,1926.0
09:13:05,35.05,1984.0
09:13:16,35.23,1984.0
09:13:27,35.42,1984.0
09:13:38,35.6,1984.0
09:13:49,35.78,1984.0
09:14:00,35.97,1984.0
09:14:11,36.15,2042.0
09:14:21,36.32,2042.0
09:14:32,36.5,2042.0
09:14:43,36.68,2042.0
09:14:54,36.87,2042.0
09:15:05,37.05,2100.0
09:15:16,37.23,2100.0
09:15:26,37.4,2100.0
09:15:37,37.58,2100.0
09:15:48,37.77,2100.0
09:15:59,37.95,2100.0
09:16:10,38.13,2157.0
09:16:21,38.32,2157.0
09:16:31,38.48,2157.0
09:16:42,38.67,2157.0
09:16:53,38.85,2157.0
09:17:04,39.03,2212.0
09:17:15,39.22,2212.0
09:17:26,39.4,2212.0
09:17:37,39.58,2212.0
09:17:47,39.75,2212.0
09:17:58,39.93,2212.0
09:18:09,40.12,2270.0
09:18:20,40.3,2270.0
09:18:31,40.48,2270.0
09:18:42,40.67,2270.0
09:18:52,40.83,2270.0
09:19:03,41.02,2327.0
09:19:14,41.2,2327.0
09:19:25,41.38,2327.0
09:19:36,41.57,2327.0
09:19:47,41.75,2327.0
09:19:58,41.93,2327.0
09:20:08,42.1,2385.0
09:20:19,42.28,2385.0
09:20:30,42.47,2385.0
09:20:41,42.65,2385.0
09:20:47,42.75,2385.0
09:20:52,42.83,2385.0
09:20:58,42.93,2385.0
09:21:03,43.02,2443.0
09:21:08,43.1,2443.0
09:21:13,43.18,2443.0
09:21:19,43.28,2443.0
09:21:24,43.37,2443.0
09:21:30,43.47,2443.0
09:21:35,43.55,2443.0
09:21:41,43.65,2443.0
09:21:46,43.73,2443.0
09:21:52,43.83,2443.0
09:21:57,43.92,2443.0
09:22:03,44.02,2501.0
09:22:08,44.1,2501.0
09:22:13,44.18,2501.0
09:22:19,44.28,2501.0
09:22:24,44.37,2501.0
09:22:29,44.45,2501.0
09:22:35,44.55,2501.0
09:22:40,44.63,2501.0
09:22:46,44.73,2501.0
09:22:51,44.82,2501.0
09:22:57,44.92,2501.0
09:23:02,45.0,2559.0
09:23:08,45.1,2559.0
09:23:13,45.18,2559.0
09:23:19,45.28,2559.0
09:23:24,45.37,2559.0
09:23:29,45.45,2559.0
09:23:34,45.53,2559.0
09:23:40,45.63,2559.0
09:23:45,45.72,2559.0
09:23:51,45.82,2559.0
09:23:56,45.9,2559.0
09:24:02,46.0,2617.0
09:24:07,46.08,2617.0
09:24:13,46.18,2617.0
09:24:18,46.27,2617.0
09:24:24,46.37,2617.0
09:24:29,46.45,2617.0
09:24:34,46.53,2617.0
09:24:39,46.62,2617.0
09:24:45,46.72,2617.0
09:24:50,46.8,2617.0
09:24:56,46.9,2617.0
09:25:01,46.98,2675.0
09:25:07,47.08,2675.0
09:25:12,47.17,2675.0
09:25:18,47.27,2675.0
09:25:23,47.35,2675.0
09:25:29,47.45,2675.0
09:25:34,47.53,2675.0
09:25:40,47.63,2675.0
09:25:45,47.72,2675.0
09:25:50,47.8,2675.0
09:25:55,47.88,2675.0
09:26:01,47.98,2733.0
09:26:06,48.07,2733.0
09:26:12,48.17,2733.0
09:26:17,48.25,2733.0
09:26:23,48.35,2733.0
09:26:28,48.43,2733.0
09:26:34,48.53,2733.0
09:26:39,48.62,2733.0
09:26:45,48.72,2733.0
09:26:50,48.8,2733.0
09:26:55,48.88,2733.0
09:27:00,48.97,2791.0
09:27:06,49.07,2791.0
09:27:11,49.15,2791.0
09:27:17,49.25,2791.0
09:27:22,49.33,2791.0
09:27:28,49.43,2791.0
09:27:33,49.52,2791.0
09:27:39,49.62,2791.0
09:27:44,49.7,2791.0
09:27:50,49.8,2791.0
09:27:55,49.88,2791.0
09:28:00,49.97,2848.0
09:28:06,50.07,2848.0
09:28:11,50.15,2848.0
09:28:16,50.23,2848.0
09:28:22,50.33,2848.0
09:28:27,50.42,2848.0
09:28:33,50.52,2848.0
09:28:38,50.6,2848.0
09:28:44,50.7,2848.0
09:28:49,50.78,2848.0
09:28:55,50.88,2848.0
09:29:00,50.97,2848.0
09:29:05,51.05,2906.0
09:29:11,51.15,2906.0
09:29:16,51.23,2906.0
09:29:21,51.32,2906.0
09:29:27,51.42,2906.0
09:29:32,51.5,2906.0
09:29:38,51.6,2906.0
09:29:43,51.68,2906.0
09:29:49,51.78,2906.0
09:29:54,51.87,2906.0
09:30:00,51.97,2906.0
09:30:05,52.05,2963.0
09:30:10,52.13,2963.0
09:30:16,52.23,2963.0
09:30:21,52.32,2963.0
09:30:26,52.4,2963.0
09:30:32,52.5,2963.0
09:30:37,52.58,2963.0
09:30:43,52.68,2963.0
09:30:48,52.77,2963.0
09:30:54,52.87,2963.0
09:30:59,52.95,2963.0
09:31:05,53.05,3021.0
09:31:10,53.13,3021.0
09:31:15,53.22,3021.0
09:31:21,53.32,3021.0
09:31:26,53.4,3021.0
09:31:31,53.48,3021.0
09:31:37,53.58,3021.0
09:31:42,53.67,3021.0
09:31:48,53.77,3021.0
09:31:53,53.85,3021.0
09:31:59,53.95,3021.0
09:32:04,54.03,3079.0
09:32:10,54.13,3079.0
09:32:15,54.22,3079.0
09:32:21,54.32,3079.0
09:32:26,54.4,3079.0
09:32:31,54.48,3079.0
09:32:36,54.57,3079.0
09:32:42,54.67,3079.0
09:32:47,54.75,3079.0
09:32:53,54.85,3079.0
09:32:58,54.93,3079.0
09:33:04,55.03,3137.0
09:33:09,55.12,3137.0
09:33:15,55.22,3137.0
09:33:20,55.3,3137.0
09:33:26,55.4,3137.0
09:33:31,55.48,3137.0
09:33:36,55.57,3137.0
09:33:42,55.67,3137.0
09:33:47,55.75,3137.0
09:33:52,55.83,3137.0
09:33:58,55.93,3137.0
09:34:03,56.02,3195.0
09:34:09,56.12,3195.0
09:34:14,56.2,3195.0
09:34:20,56.3,3195.0
09:34:25,56.38,3195.0
09:34:31,56.48,3195.0
09:34:36,56.57,3195.0
09:34:41,56.65,3195.0
09:34:47,56.75,3195.0
09:34:52,56.83,3195.0
09:34:57,56.92,3195.0
09:35:03,57.02,3253.0
09:35:08,57.1,3253.0
09:35:14,57.2,3253.0
09:35:19,57.28,3253.0
09:35:25,57.38,3253.0
09:35:30,57.47,3253.0
09:35:36,57.57,3253.0
09:35:41,57.65,3253.0
09:35:47,57.75,3253.0
09:35:52,57.83,3253.0
09:35:57,57.92,3253.0
09:36:02,58.0,3310.0
09:36:08,58.1,3310.0
09:36:13,58.18,3310.0
09:36:19,58.28,3310.0
09:36:24,58.37,3310.0
09:36:30,58.47,3310.0
09:36:35,58.55,3310.0
09:36:41,58.65,3310.0
09:36:46,58.73,3310.0
09:36:52,58.83,3310.0
09:36:57,58.92,3310.0
09:37:02,59.0,3368.0
09:37:07,59.08,3368.0
09:37:13,59.18,3368.0
09:37:18,59.27,3368.0
09:37:24,59.37,3368.0
09:37:29,59.45,3368.0
09:37:35,59.55,3368.0
09:37:40,59.63,3368.0
09:37:46,59.73,3368.0
09:37:51,59.82,3368.0
09:37:57,59.92,3368.0
09:38:02,60.0,3426.0
09:38:08,60.1,3426.0
09:38:18,60.27,3426.0
09:38:29,60.45,3426.0
09:38:40,60.63,3426.0
09:38:51,60.82,3426.0
09:39:02,61.0,3484.0
09:39:13,61.18,3484.0
09:39:23,61.35,3484.0
09:39:34,61.53,3484.0
09:39:45,61.72,3484.0
09:39:56,61.9,3484.0
09:40:07,62.08,3542.0
09:40:18,62.27,3542.0
09:40:29,62.45,3542.0
09:40:39,62.62,3542.0
09:40:50,62.8,3542.0
09:41:01,62.98,3600.0
09:41:12,63.17,3600.0
09:41:23,63.35,3600.0
09:41:34,63.53,3600.0
09:41:44,63.7,3600.0
09:41:55,63.88,3600.0
09:42:06,64.07,3657.0
09:42:17,64.25,3657.0
09:42:28,64.43,3657.0
09:42:39,64.62,3657.0
09:42:49,64.78,3657.0
09:43:00,64.97,3657.0
09:43:11,65.15,3712.0
09:43:22,65.33,3712.0
09:43:33,65.52,3712.0
09:43:44,65.7,3712.0
09:43:55,65.88,3712.0
09:44:05,66.05,3770.0
09:44:16,66.23,3770.0
09:44:27,66.42,3770.0
09:44:38,66.6,3770.0
09:44:49,66.78,3770.0
09:45:00,66.97,3770.0
09:45:10,67.13,3827.0
09:45:21,67.32,3827.0
09:45:32,67.5,3827.0
09:45:43,67.68,3827.0
09:45:54,67.87,3827.0
09:46:05,68.05,3885.0
09:46:16,68.23,3885.0
09:46:26,68.4,3885.0
09:46:37,68.58,3885.0
09:46:48,68.77,3885.0
09:46:59,68.95,3885.0
09:47:10,69.13,3942.0
09:47:21,69.32,3942.0
09:47:31,69.48,3942.0
09:47:42,69.67,3942.0
09:47:53,69.85,3942.0
09:48:04,70.03,4000.0
09:48:15,70.22,4000.0
09:48:26,70.4,4000.0
09:48:36,70.57,4000.0
09:48:47,70.75,4000.0
09:48:58,70.93,4000.0
09:49:09,71.12,4057.0
09:49:20,71.3,4057.0
09:49:31,71.48,4057.0
09:49:41,71.65,4057.0
09:49:52,71.83,4057.0
09:50:03,72.02,4115.0
09:50:14,72.2,4115.0
09:50:25,72.38,4115.0
09:50:36,72.57,4115.0
09:50:47,72.75,4115.0
09:50:57,72.92,4115.0
09:51:08,73.1,4173.0
09:51:19,73.28,4173.0
09:51:30,73.47,4173.0
09:51:41,73.65,4173.0
09:51:52,73.83,4173.0
09:52:02,74.0,4230.0
09:52:13,74.18,4230.0
09:52:24,74.37,4230.0
09:52:35,74.55,4230.0
09:52:46,74.73,4230.0
09:52:57,74.92,4230.0
09:53:08,75.1,4288.0
09:53:18,75.27,4288.0
09:53:29,75.45,4288.0
09:53:40,75.63,4288.0
09:53:51,75.82,4288.0
09:54:02,76.0,4345.0
09:54:13,76.18,4345.0
09:54:23,76.35,4345.0
09:54:34,76.53,4345.0
09:54:45,76.72,4345.0
09:54:56,76.9,4345.0
09:55:07,77.08,4403.0
09:55:18,77.27,4403.0
09:55:28,77.43,4403.0
09:55:39,77.62,4403.0
09:55:50,77.8,4403.0
09:56:01,77.98,4461.0
09:56:12,78.17,4461.0
09:56:23,78.35,4461.0
09:56:34,78.53,4461.0
09:56:44,78.7,4461.0
09:56:55,78.88,4461.0
09:57:06,79.07,4519.0
09:57:17,79.25,4519.0
09:57:28,79.43,4519.0
09:57:39,79.62,4519.0
09:57:49,79.78,4519.0
09:58:00,79.97,4519.0
09:58:11,80.15,4576.0
09:58:22,80.33,4576.0
09:58:33,80.52,4576.0
09:58:44,80.7,4576.0
09:58:54,80.87,4576.0
09:59:05,81.05,4634.0
09:59:16,81.23,4634.0
09:59:27,81.42,4634.0
09:59:38,81.6,4634.0
09:59:49,81.78,4634.0
10:00:00,81.97,4634.0
10:00:10,82.13,4692.0
10:00:21,82.32,4692.0
10:00:32,82.5,4692.0
10:00:43,82.68,4692.0
10:00:54,82.87,4692.0
10:01:05,83.05,4750.0
10:01:15,83.22,4750.0
10:01:26,83.4,4750.0
10:01:37,83.58,4750.0
10:01:48,83.77,4750.0
10:01:59,83.95,4750.0
10:02:10,84.13,4808.0
10:02:20,84.3,4808.0
10:02:31,84.48,4808.0
10:02:42,84.67,4808.0
10:02:53,84.85,4808.0
10:03:04,85.03,4866.0
10:03:15,85.22,4866.0
10:03:26,85.4,4866.0
10:03:36,85.57,4866.0
10:03:47,85.75,4866.0
10:03:58,85.93,4866.0
10:04:09,86.12,4924.0
10:04:20,86.3,4924.0
10:04:31,86.48,4924.0
10:04:41,86.65,4924.0
10:04:52,86.83,4924.0
10:05:03,87.02,4979.0
10:05:14,87.2,4979.0
10:05:25,87.38,4979.0
10:05:36,87.57,4979.0
10:05:46,87.73,4979.0
10:05:57,87.92,4979.0
10:06:08,88.1,5034.0
10:06:19,88.28,5034.0
10:06:30,88.47,5034.0
10:06:41,88.65,5034.0
10:06:51,88.82,5034.0
10:07:02,89.0,5087.0
10:07:13,89.18,5087.0
10:07:24,89.37,5087.0
10:07:35,89.55,5087.0
10:07:46,89.73,5087.0
10:07:57,89.92,5087.0
10:08:07,90.08,5017.0
10:08:18,90.27,5017.0
10:08:29,90.45,5017.0
10:08:40,90.63,5017.0
10:08:51,90.82,5017.0
10:09:02,91.0,4738.0
10:09:12,91.17,4738.0
10:09:23,91.35,4738.0
10:09:34,91.53,4738.0
10:09:45,91.72,4738.0
10:09:56,91.9,4738.0
10:10:07,92.08,4476.0
10:10:18,92.27,4476.0
10:10:28,92.43,4476.0
10:10:39,92.62,4476.0
10:10:50,92.8,4476.0
10:11:01,92.98,4216.0
10:11:12,93.17,4216.0
10:11:23,93.35,4216.0
10:11:33,93.52,4216.0
10:11:44,93.7,4216.0
10:11:55,93.88,4216.0
10:12:06,94.07,4036.0
10:12:17,94.25,4036.0
10:12:28,94.43,4036.0
10:12:39,94.62,4036.0
10:12:49,94.78,4036.0
10:13:00,94.97,4036.0
10:13:11,95.15,3854.0
10:13:22,95.33,3854.0
10:13:33,95.52,3854.0
10:13:44,95.7,3854.0
10:13:54,95.87,3854.0
10:14:05,96.05,3613.0
10:14:16,96.23,3613.0
10:14:27,96.42,3613.0
10:14:38,96.6,3613.0
10:14:49,96.78,3613.0
10:15:00,96.97,3613.0
10:15:10,97.13,3440.0
10:15:21,97.32,3440.0
10:15:32,97.5,3440.0
10:15:43,97.68,3440.0
10:15:54,97.87,3440.0
10:16:05,98.05,3259.0
10:16:15,98.22,3259.0
10:16:26,98.4,3259.0
10:16:37,98.58,3259.0
10:16:48,98.77,3259.0
10:16:59,98.95,3259.0
10:17:10,99.13,3076.0
10:17:20,99.3,3076.0
10:17:31,99.48,3076.0
10:17:42,99.67,3076.0
10:17:53,99.85,3076.0
10:18:04,100.03,2877.0
10:18:15,100.22,2877.0
10:18:26,100.4,2877.0
10:18:36,100.57,2877.0
10:18:47,100.75,2877.0
10:18:58,100.93,2877.0
10:19:09,101.12,2608.0
10:19:20,101.3,2608.0
10:19:31,101.48,2608.0
10:19:41,101.65,2608.0
10:19:52,101.83,2608.0
10:20:03,102.02,2412.0
10:20:14,102.2,2412.0
10:20:25,102.38,2412.0
10:20:36,102.57,2412.0
10:20:47,102.75,2412.0
10:20:57,102.92,2412.0
10:21:08,103.1,2201.0
10:21:19,103.28,2201.0
10:21:30,103.47,2201.0
10:21:41,103.65,2201.0
10:21:52,103.83,2201.0
10:22:02,104.0,1991.0
10:22:13,104.18,1991.0
10:22:24,104.37,1991.0
10:22:35,104.55,1991.0
10:22:46,104.73,1991.0
10:22:57,104.92,1991.0
10:23:07,105.08,1769.0
10:23:18,105.27,1769.0
10:23:29,105.45,1769.0
10:23:40,105.63,1769.0
10:23:51,105.82,1769.0
10:24:02,106.0,1535.0
10:24:13,106.18,1535.0
10:24:23,106.35,1535.0
10:24:34,106.53,1535.0
10:24:45,106.72,1535.0
10:24:56,106.9,1535.0
10:25:07,107.08,1307.0
10:25:18,107.27,1307.0
10:25:28,107.43,1307.0
10:25:39,107.62,1307.0
10:25:50,107.8,1307.0
10:26:01,107.98,1073.0
10:26:12,108.17,1073.0
10:26:23,108.35,1073.0
10:26:33,108.52,1073.0
10:26:44,108.7,1073.0
10:26:55,108.88,1073.0
10:27:06,109.07,0.0
10:27:17,109.25,0.0
10:27:28,109.43,0.0
10:27:39,109.62,0.0
10:27:49,109.78,0.0
10:28:00,109.97,0.0
10:28:11,110.15,0.0
10:28:22,110.33,0.0
10:28:33,110.52,0.0
10:28:44,110.7,0.0
10:28:54,110.87,0.0
10:29:05,111.05,0.0
10:29:16,111.23,0.0
10:29:27,111.42,0.0
10:29:38,111.6,0.0
10:29:49,111.78,0.0
10:29:59,111.95,0.0
10:30:10,112.13,0.0
10:30:21,112.32,0.0
10:30:32,112.5,0.0
10:30:43,112.68,0.0
