elapsed_sec,op,lat_mean_us,lat_p99_us,timestamp,phase
0,read,186.11,414.00,2026-09-06T06:32:30Z,baseline
8,write,303.18,580.00,2026-09-06T06:32:38Z,baseline
18,read,181.64,374.00,2026-09-06T06:32:48Z,baseline
26,write,298.73,604.00,2026-09-06T06:32:56Z,baseline
35,read,180.19,342.00,2026-09-06T06:33:05Z,baseline
44,write,299.89,540.00,2026-09-06T06:33:14Z,baseline
53,read,180.70,330.00,2026-09-06T06:33:23Z,baseline
61,write,303.32,572.00,2026-09-06T06:33:31Z,baseline
71,read,180.41,338.00,2026-09-06T06:33:41Z,baseline
79,write,295.45,502.00,2026-09-06T06:33:49Z,baseline
10,read,178.93,330.00,2026-09-06T06:34:23Z,upgrade
18,write,295.35,572.00,2026-09-06T06:34:31Z,upgrade
28,read,177.92,326.00,2026-09-06T06:34:41Z,upgrade
36,write,302.30,564.00,2026-09-06T06:34:49Z,upgrade
45,read,179.01,346.00,2026-09-06T06:34:58Z,upgrade
54,write,298.64,532.00,2026-09-06T06:35:07Z,upgrade
63,read,179.36,338.00,2026-09-06T06:35:16Z,upgrade
71,write,291.01,506.00,2026-09-06T06:35:24Z,upgrade
81,read,176.57,290.00,2026-09-06T06:35:34Z,upgrade
89,write,292.74,532.00,2026-09-06T06:35:42Z,upgrade
98,read,176.00,290.00,2026-09-06T06:35:51Z,upgrade
107,write,298.64,556.00,2026-09-06T06:36:00Z,upgrade
116,read,181.28,322.00,2026-09-06T06:36:09Z,upgrade
125,write,292.35,510.00,2026-09-06T06:36:18Z,upgrade
134,read,175.66,290.00,2026-09-06T06:36:27Z,upgrade
142,write,292.99,524.00,2026-09-06T06:36:35Z,upgrade
152,read,176.98,290.00,2026-09-06T06:36:45Z,upgrade
160,write,295.57,564.00,2026-09-06T06:36:53Z,upgrade
169,read,180.80,354.00,2026-09-06T06:37:02Z,upgrade
178,write,8855.94,932.00,2026-09-06T06:37:11Z,upgrade
250,read,1472.98,20352.00,2026-09-06T06:38:23Z,upgrade
259,write,343.97,868.00,2026-09-06T06:38:32Z,upgrade
268,read,516.72,1128.00,2026-09-06T06:38:41Z,upgrade
276,write,311.65,446.00,2026-09-06T06:38:49Z,upgrade
286,read,358.14,1192.00,2026-09-06T06:38:59Z,upgrade
294,write,376.99,1240.00,2026-09-06T06:39:07Z,upgrade
303,read,287.68,1048.00,2026-09-06T06:39:16Z,upgrade
312,write,319.72,498.00,2026-09-06T06:39:25Z,upgrade
321,read,252.00,796.00,2026-09-06T06:39:34Z,upgrade
330,write,321.80,564.00,2026-09-06T06:39:43Z,upgrade
339,read,229.48,764.00,2026-09-06T06:39:52Z,upgrade
347,write,327.78,636.00,2026-09-06T06:40:00Z,upgrade
357,read,216.93,724.00,2026-09-06T06:40:10Z,upgrade
365,write,328.28,652.00,2026-09-06T06:40:18Z,upgrade
374,read,207.47,716.00,2026-09-06T06:40:27Z,upgrade
383,write,316.19,532.00,2026-09-06T06:40:36Z,upgrade
392,read,201.28,724.00,2026-09-06T06:40:45Z,upgrade
400,write,348.35,636.00,2026-09-06T06:40:53Z,upgrade
410,read,197.51,676.00,2026-09-06T06:41:03Z,upgrade
418,write,327.06,596.00,2026-09-06T06:41:11Z,upgrade
428,read,194.38,676.00,2026-09-06T06:41:21Z,upgrade
436,write,330.58,620.00,2026-09-06T06:41:29Z,upgrade
445,read,193.94,410.00,2026-09-06T06:41:38Z,upgrade
454,write,324.28,636.00,2026-09-06T06:41:47Z,upgrade
463,read,186.64,692.00,2026-09-06T06:41:56Z,upgrade
471,write,321.08,620.00,2026-09-06T06:42:04Z,upgrade
481,read,183.63,620.00,2026-09-06T06:42:14Z,upgrade
489,write,310.58,474.00,2026-09-06T06:42:22Z,upgrade
498,read,181.66,620.00,2026-09-06T06:42:31Z,upgrade
507,write,317.70,564.00,2026-09-06T06:42:40Z,upgrade
516,read,179.89,434.00,2026-09-06T06:42:49Z,upgrade
524,write,317.42,524.00,2026-09-06T06:42:57Z,upgrade
534,read,187.16,390.00,2026-09-06T06:43:07Z,upgrade
542,write,329.20,572.00,2026-09-06T06:43:15Z,upgrade
552,read,182.00,334.00,2026-09-06T06:43:25Z,upgrade
560,write,317.47,516.00,2026-09-06T06:43:33Z,upgrade
569,read,186.44,366.00,2026-09-06T06:43:42Z,upgrade
578,write,327.95,580.00,2026-09-06T06:43:51Z,upgrade
587,read,181.88,346.00,2026-09-06T06:44:00Z,upgrade
595,write,325.19,612.00,2026-09-06T06:44:08Z,upgrade
605,read,185.69,342.00,2026-09-06T06:44:18Z,upgrade
613,write,593.73,3248.00,2026-09-06T06:44:26Z,upgrade
622,read,181.87,346.00,2026-09-06T06:44:35Z,upgrade
631,write,392.73,620.00,2026-09-06T06:44:44Z,upgrade
640,read,197.38,350.00,2026-09-06T06:44:53Z,upgrade
648,write,408.31,740.00,2026-09-06T06:45:01Z,upgrade
658,read,184.60,362.00,2026-09-06T06:45:11Z,upgrade
666,write,390.97,612.00,2026-09-06T06:45:19Z,upgrade
676,read,179.21,346.00,2026-09-06T06:45:29Z,upgrade
684,write,390.35,588.00,2026-09-06T06:45:37Z,upgrade
693,read,178.67,302.00,2026-09-06T06:45:46Z,upgrade
702,write,386.59,596.00,2026-09-06T06:45:55Z,upgrade
711,read,178.99,338.00,2026-09-06T06:46:04Z,upgrade
719,write,399.00,676.00,2026-09-06T06:46:12Z,upgrade
729,read,179.98,346.00,2026-09-06T06:46:22Z,upgrade
737,write,387.67,596.00,2026-09-06T06:46:30Z,upgrade
746,read,180.53,354.00,2026-09-06T06:46:39Z,upgrade
755,write,391.43,620.00,2026-09-06T06:46:48Z,upgrade
764,read,181.33,386.00,2026-09-06T06:46:57Z,upgrade
772,write,403.85,700.00,2026-09-06T06:47:05Z,upgrade
782,read,184.49,402.00,2026-09-06T06:47:15Z,upgrade
790,write,467.74,956.00,2026-09-06T06:47:23Z,upgrade
800,read,846.56,1288.00,2026-09-06T06:47:33Z,upgrade
808,write,570.21,1032.00,2026-09-06T06:47:41Z,upgrade
817,read,525.00,1144.00,2026-09-06T06:47:50Z,upgrade
826,write,576.75,796.00,2026-09-06T06:47:59Z,upgrade
835,read,441.14,1096.00,2026-09-06T06:48:08Z,upgrade
844,write,551.96,740.00,2026-09-06T06:48:17Z,upgrade
853,read,533.13,516.00,2026-09-06T06:48:26Z,upgrade
861,write,569.39,796.00,2026-09-06T06:48:34Z,upgrade
871,read,352.22,884.00,2026-09-06T06:48:44Z,upgrade
879,write,434.81,588.00,2026-09-06T06:48:52Z,upgrade
888,read,312.93,820.00,2026-09-06T06:49:01Z,upgrade
897,write,392.38,612.00,2026-09-06T06:49:10Z,upgrade
906,read,289.08,756.00,2026-09-06T06:49:19Z,upgrade
914,write,386.81,540.00,2026-09-06T06:49:27Z,upgrade
924,read,273.73,740.00,2026-09-06T06:49:37Z,upgrade
932,write,382.91,532.00,2026-09-06T06:49:45Z,upgrade
942,read,265.32,708.00,2026-09-06T06:49:55Z,upgrade
950,write,389.58,548.00,2026-09-06T06:50:03Z,upgrade
959,read,261.49,660.00,2026-09-06T06:50:12Z,upgrade
968,write,387.82,548.00,2026-09-06T06:50:21Z,upgrade
977,read,259.27,506.00,2026-09-06T06:50:30Z,upgrade
985,write,392.82,548.00,2026-09-06T06:50:38Z,upgrade
995,read,256.85,532.00,2026-09-06T06:50:48Z,upgrade
1003,write,389.97,596.00,2026-09-06T06:50:56Z,upgrade
1012,read,259.78,470.00,2026-09-06T06:51:05Z,upgrade
1021,write,393.31,604.00,2026-09-06T06:51:14Z,upgrade
1030,read,258.70,478.00,2026-09-06T06:51:23Z,upgrade
1039,write,394.83,612.00,2026-09-06T06:51:32Z,upgrade
1048,read,260.99,474.00,2026-09-06T06:51:41Z,upgrade
1056,write,396.10,620.00,2026-09-06T06:51:49Z,upgrade
1066,read,256.78,486.00,2026-09-06T06:51:59Z,upgrade
1074,write,397.35,628.00,2026-09-06T06:52:07Z,upgrade
1083,read,255.54,438.00,2026-09-06T06:52:16Z,upgrade
1092,write,389.59,548.00,2026-09-06T06:52:25Z,upgrade
1101,read,254.19,450.00,2026-09-06T06:52:34Z,upgrade
1110,write,386.04,540.00,2026-09-06T06:52:43Z,upgrade
1119,read,251.62,620.00,2026-09-06T06:52:52Z,upgrade
1127,write,382.93,506.00,2026-09-06T06:53:00Z,upgrade
1137,read,250.90,378.00,2026-09-06T06:53:10Z,upgrade
1145,write,382.69,498.00,2026-09-06T06:53:18Z,upgrade
1154,read,249.34,382.00,2026-09-06T06:53:27Z,upgrade
1163,write,381.14,490.00,2026-09-06T06:53:36Z,upgrade
1172,read,248.33,370.00,2026-09-06T06:53:45Z,upgrade
1180,write,380.17,490.00,2026-09-06T06:53:53Z,upgrade
1190,read,251.20,426.00,2026-09-06T06:54:03Z,upgrade
1198,write,383.94,494.00,2026-09-06T06:54:11Z,upgrade
1207,read,247.67,366.00,2026-09-06T06:54:20Z,upgrade
1216,write,381.42,486.00,2026-09-06T06:54:29Z,upgrade
1225,read,247.88,338.00,2026-09-06T06:54:38Z,upgrade
1233,write,381.40,478.00,2026-09-06T06:54:46Z,upgrade
1243,read,248.82,390.00,2026-09-06T06:54:56Z,upgrade
1251,write,388.67,532.00,2026-09-06T06:55:04Z,upgrade
1261,read,255.49,394.00,2026-09-06T06:55:14Z,upgrade
1269,write,394.83,548.00,2026-09-06T06:55:22Z,upgrade
1278,read,264.65,366.00,2026-09-06T06:55:31Z,upgrade
1287,write,390.25,540.00,2026-09-06T06:55:40Z,upgrade
1296,read,248.25,342.00,2026-09-06T06:55:49Z,upgrade
1304,write,384.80,524.00,2026-09-06T06:55:57Z,upgrade
1314,read,256.88,402.00,2026-09-06T06:56:07Z,upgrade
1322,write,419.84,604.00,2026-09-06T06:56:15Z,upgrade
1331,read,258.42,398.00,2026-09-06T06:56:24Z,upgrade
1340,write,406.84,564.00,2026-09-06T06:56:33Z,upgrade
1349,read,251.29,382.00,2026-09-06T06:56:42Z,upgrade
1357,write,381.44,474.00,2026-09-06T06:56:50Z,upgrade
1367,read,253.45,414.00,2026-09-06T06:57:00Z,upgrade
1375,write,393.25,548.00,2026-09-06T06:57:08Z,upgrade
1384,read,258.10,398.00,2026-09-06T06:57:17Z,upgrade
1393,write,386.43,532.00,2026-09-06T06:57:26Z,upgrade
1402,read,252.08,390.00,2026-09-06T06:57:35Z,upgrade
1411,write,385.50,516.00,2026-09-06T06:57:44Z,upgrade
1420,read,252.90,394.00,2026-09-06T06:57:53Z,upgrade
1428,write,387.39,580.00,2026-09-06T06:58:01Z,upgrade
1438,read,258.73,458.00,2026-09-06T06:58:11Z,upgrade
1446,write,388.80,580.00,2026-09-06T06:58:19Z,upgrade
1455,read,254.48,454.00,2026-09-06T06:58:28Z,upgrade
1464,write,386.65,572.00,2026-09-06T06:58:37Z,upgrade
1473,read,248.13,354.00,2026-09-06T06:58:46Z,upgrade
1481,write,383.71,506.00,2026-09-06T06:58:54Z,upgrade
1491,read,253.63,390.00,2026-09-06T06:59:04Z,upgrade
1499,write,512.45,996.00,2026-09-06T06:59:12Z,upgrade
1509,read,253.96,394.00,2026-09-06T06:59:22Z,upgrade
1517,write,455.25,588.00,2026-09-06T06:59:30Z,upgrade
1526,read,254.48,394.00,2026-09-06T06:59:39Z,upgrade
1535,write,455.61,596.00,2026-09-06T06:59:48Z,upgrade
1544,read,253.75,434.00,2026-09-06T06:59:57Z,upgrade
1552,write,455.67,644.00,2026-09-06T07:00:05Z,upgrade
1562,read,258.37,454.00,2026-09-06T07:00:15Z,upgrade
1570,write,457.96,644.00,2026-09-06T07:00:23Z,upgrade
1579,read,256.42,446.00,2026-09-06T07:00:32Z,upgrade
1595,read,252.20,386.00,2026-09-06T07:00:48Z,post
1604,write,452.76,596.00,2026-09-06T07:00:57Z,post
1613,read,256.27,430.00,2026-09-06T07:01:06Z,post
1621,write,454.22,572.00,2026-09-06T07:01:14Z,post
1631,read,259.63,370.00,2026-09-06T07:01:24Z,post
1639,write,451.32,564.00,2026-09-06T07:01:32Z,post
1649,read,250.25,366.00,2026-09-06T07:01:42Z,post
1657,write,450.52,556.00,2026-09-06T07:01:50Z,post
1666,read,261.01,426.00,2026-09-06T07:01:59Z,post
1675,write,456.34,620.00,2026-09-06T07:02:08Z,post
